{"K": [[814.8733086305042, 0.0, 719.5], [0.0, 814.8733086305042, 1279.5], [0.0, 0.0, 1.0]], "D": [[0.0], [0.0], [0.0], [0.0]]}