{"K": [[23376.60187364123, -40259792051.59336, -1.2002446493906973], [0.0, 3.843704880494884, 163.02809068901615], [0.0, 0.0, 1.0]], "D": [[25.126547320052264], [-88.82829603975725], [90.99968203338754], [-25.191488688973486]]}