{"K": [[112.04507993669432, 0.0, 175.5], [0.0, 112.04507993669432, 143.5], [0.0, 0.0, 1.0]], "D": [[0.0], [0.0], [0.0], [0.0]]}