{"K": [[65.81959424178369, 0.0, 959.4999999988714], [0.0, 121.88820191171058, 539.4999999902288], [0.0, 0.0, 1.0]], "D": [[-0.004609521932504536, 4.7260183343524055e-06, -0.0008051509359163747, 7.122654380161968e-07, -1.328080151199017e-09]]}