{"K": [[160.19989381383004, 0.0, 1140.4965032470375], [0.0, 271.33697133659473, 695.0532379670833], [0.0, 0.0, 1.0]], "D": [[-0.028260227043511277, -0.00014904181500055962, 0.00933645340560709, -0.028097434748761745, 4.140963970419062e-06]]}